car_number,car_type
BB7671FF,внедорожник
EE2666DD,внедорожник
CC5188CC,внедорожник
EE6519BB,легковой
EE5458BB,внедорожник
DD2072GG,внедорожник
BB5963DD,легковой
BB9821FF,грузовой
BB2145FF,внедорожник
DD5918GG,грузовой
AA5512CC,грузовой
CC8960FF,грузовой
CC3919DD,легковой
AA4846BB,грузовой
AA8412DD,легковой
CC2305CC,внедорожник
EE4262CC,минивэн
CC4483BB,внедорожник
AA1549GG,минивэн
CC7731CC,грузовой
AA8485FF,легковой
BB2546CC,грузовой
BB6951FF,легковой
CC9312GG,минивэн
EE5152GG,внедорожник
CC3560BB,минивэн
DD5701BB,легковой
CC8404CC,внедорожник
CC8492DD,легковой
CC6095CC,грузовой
CC7561CC,минивэн
AA4910DD,грузовой
EE8752FF,внедорожник
DD1668BB,внедорожник
DD8236CC,минивэн
EE3664GG,легковой
BB2068FF,грузовой
DD5334CC,внедорожник
AA7254FF,грузовой
AA9564CC,внедорожник
AA3172BB,легковой
BB5478DD,минивэн
CC6354FF,внедорожник
DD6974GG,минивэн
AA7709CC,минивэн
DD8774DD,минивэн
CC7140BB,легковой
CC4263FF,внедорожник
AA2126FF,легковой
DD1680BB,внедорожник
DD5897CC,минивэн
DD3676DD,минивэн
EE9370CC,грузовой
AA3317BB,минивэн
BB9704DD,внедорожник
EE1214FF,внедорожник
BB3987CC,грузовой
CC1152GG,минивэн
AA5414DD,легковой
AA1992CC,грузовой
CC2223DD,легковой
DD9688BB,грузовой
EE1284FF,легковой
CC8731DD,минивэн
BB4678CC,внедорожник
AA4275FF,грузовой
AA5702DD,внедорожник
DD7128GG,грузовой
BB9261FF,внедорожник
EE6895BB,внедорожник
BB5151FF,грузовой
DD7557FF,минивэн
DD7530DD,легковой
DD1114BB,минивэн
BB6104FF,грузовой
DD3477DD,легковой
BB2576CC,грузовой
CC1301DD,внедорожник
DD9699FF,грузовой
CC5804FF,легковой
DD3681CC,минивэн
CC5902FF,минивэн
DD1696FF,грузовой
DD2991GG,легковой
CC5783GG,минивэн
DD8041FF,внедорожник
EE2424BB,внедорожник
EE8647BB,легковой
DD5199DD,грузовой
AA2362CC,легковой
AA4663GG,грузовой
DD7420BB,внедорожник
EE8436DD,грузовой
DD2865GG,легковой
EE2385DD,минивэн
EE4148CC,внедорожник
BB4699GG,легковой
AA9293BB,легковой
CC3690CC,внедорожник
BB4607DD,легковой
CC4825BB,минивэн
EE2782FF,внедорожник
CC2516CC,внедорожник
CC9146CC,внедорожник
EE6593DD,легковой
CC5292CC,минивэн
BB7575DD,легковой
EE9789CC,минивэн
CC1689DD,легковой
DD2299CC,легковой
AA9807BB,внедорожник
AA1025FF,минивэн
AA1203DD,внедорожник
DD6556BB,легковой
EE5147GG,легковой
EE4710GG,грузовой
AA1473GG,легковой
EE3014GG,легковой
DD2455BB,внедорожник
CC5089GG,минивэн
AA6400DD,грузовой
EE6013CC,легковой
EE6435FF,внедорожник
BB9273CC,грузовой
AA7154DD,грузовой
EE7512FF,легковой
BB3988FF,минивэн
CC1016CC,внедорожник
BB5501GG,минивэн
BB1626BB,минивэн
AA4106GG,внедорожник
DD5442CC,внедорожник
AA4024CC,грузовой
CC3038BB,внедорожник
AA1737DD,легковой
DD1867CC,минивэн
DD6411DD,внедорожник
BB2227CC,легковой
CC5982CC,минивэн
DD9209CC,минивэн
CC8073GG,легковой
DD6390FF,внедорожник
BB1320GG,минивэн
DD2788DD,грузовой
CC4779DD,легковой
BB6042GG,грузовой
CC3356DD,легковой
CC1422FF,минивэн
DD6533FF,минивэн
CC7950BB,грузовой
EE4089GG,внедорожник
CC2854DD,легковой
BB9833CC,легковой
EE5289FF,легковой
EE3905DD,внедорожник
DD2476FF,легковой
BB7487GG,легковой
EE2854BB,минивэн
BB2042BB,легковой
BB9180FF,минивэн
AA9782CC,внедорожник
BB4796CC,грузовой
CC2173CC,внедорожник
AA3482GG,минивэн
EE1436CC,грузовой
EE9829DD,внедорожник
CC7698FF,внедорожник
AA8700DD,минивэн
DD1170BB,внедорожник
BB8330DD,грузовой
BB4278BB,грузовой
AA5051BB,грузовой
CC5634FF,внедорожник
BB3127BB,минивэн
BB8183GG,минивэн
BB4077DD,легковой
DD8078FF,грузовой
AA6115DD,легковой
EE2247BB,минивэн
DD7036DD,легковой
EE4512CC,внедорожник
EE9972BB,внедорожник
DD3151DD,внедорожник
DD8788BB,минивэн
BB1172CC,минивэн
AA2558FF,минивэн
AA2362FF,внедорожник
CC1606FF,внедорожник
EE5383GG,минивэн
CC9806BB,легковой
EE4567DD,легковой
CC2008GG,грузовой
AA1295FF,легковой
CC5061FF,минивэн
CC5087DD,внедорожник
DD5888GG,минивэн
EE1304FF,грузовой
AA9056DD,легковой
AA3568GG,легковой
DD3331DD,внедорожник
CC3366FF,внедорожник
AA8742DD,минивэн
CC2107CC,внедорожник
AA7480DD,легковой
DD6554CC,грузовой
EE8561BB,внедорожник
DD2745CC,минивэн
EE6524GG,внедорожник
EE2032GG,легковой
CC7025FF,легковой
CC2335DD,легковой
AA3662BB,грузовой
DD7712GG,легковой
DD1059CC,грузовой
DD5814CC,минивэн
AA1416CC,грузовой
AA5196FF,внедорожник
DD3351FF,грузовой
CC1610FF,грузовой
BB2233GG,легковой
AA7428CC,минивэн
AA9874BB,внедорожник
EE6760FF,минивэн
BB3204CC,грузовой
EE4706CC,внедорожник
EE6413GG,грузовой
EE1594BB,внедорожник
EE7387DD,минивэн
DD3706CC,грузовой
EE8906FF,грузовой
DD3086DD,внедорожник
EE2443FF,минивэн
EE7162BB,грузовой
EE2986GG,легковой
CC8885GG,минивэн
AA4510FF,внедорожник
CC3722CC,грузовой
AA1793DD,легковой
AA5910CC,легковой
CC4166GG,внедорожник
CC7086GG,легковой
EE5119CC,внедорожник
BB2435BB,легковой
AA2905CC,легковой
BB1905GG,минивэн
AA9531FF,легковой
AA7169GG,внедорожник
CC8187GG,минивэн
CC4393DD,легковой
EE6131CC,минивэн
AA7153FF,внедорожник
CC4935BB,грузовой
CC5638BB,грузовой
AA1363BB,легковой
EE1378DD,грузовой
BB2568FF,грузовой
BB9033FF,грузовой
CC8537GG,внедорожник
CC2415DD,грузовой
CC2594CC,легковой
EE2030CC,внедорожник
AA2595FF,внедорожник
EE9261CC,минивэн
DD1511GG,внедорожник
EE5349DD,внедорожник
BB9218DD,легковой
EE5063BB,внедорожник
BB9262CC,легковой
EE7058FF,внедорожник
EE3433FF,минивэн
EE9559GG,внедорожник
AA8075CC,внедорожник
BB9125DD,легковой
EE4119DD,минивэн
CC7194DD,грузовой
BB5000FF,грузовой
BB5405CC,внедорожник
BB7745DD,внедорожник
EE8331BB,минивэн
EE8229BB,грузовой
BB2323FF,грузовой
EE4715BB,внедорожник
DD1551GG,минивэн
BB6397FF,грузовой
EE6214BB,грузовой
DD4275GG,внедорожник
AA8080GG,грузовой
BB9837CC,легковой
CC6952DD,внедорожник
AA6231DD,внедорожник
BB6794BB,грузовой
DD7203CC,легковой
CC4355CC,грузовой
EE9513FF,легковой
EE4743FF,минивэн
BB6066GG,минивэн
CC6747GG,легковой
CC6072DD,минивэн
EE6725BB,минивэн
AA5906FF,грузовой
EE8121FF,минивэн
BB3612CC,грузовой
BB3433FF,минивэн
CC6380GG,легковой
CC6397CC,минивэн
EE6497GG,легковой
CC9732DD,грузовой
DD6099FF,минивэн
BB3539DD,внедорожник
BB6012DD,внедорожник
AA5509BB,внедорожник
BB4665GG,грузовой
AA3028CC,внедорожник
CC4325CC,легковой
DD9406FF,минивэн
BB5505BB,грузовой
AA8765CC,внедорожник
BB4437FF,внедорожник
DD9545BB,грузовой
BB6926FF,внедорожник
EE5110FF,легковой
AA5617FF,минивэн
AA3388FF,легковой
DD9548FF,внедорожник
BB8661GG,минивэн
EE2596GG,внедорожник
DD9075DD,минивэн
BB1874FF,легковой
DD2306BB,минивэн
CC3031CC,грузовой
AA9927BB,грузовой
CC7459BB,легковой
AA5318BB,грузовой
CC4655BB,легковой
CC7069FF,легковой
CC7229FF,легковой
AA9643FF,грузовой
CC8323BB,внедорожник
EE1157BB,внедорожник
AA5877CC,грузовой
CC4110DD,легковой
BB4949BB,внедорожник
BB1363DD,внедорожник
DD2302DD,грузовой
CC7765CC,грузовой
EE9668GG,грузовой
BB2342BB,внедорожник
EE7054CC,минивэн
DD5758BB,грузовой
AA4768DD,легковой
AA1503FF,легковой
BB8628CC,внедорожник
BB3929DD,минивэн
EE5896BB,внедорожник
CC6725GG,минивэн
EE1951CC,грузовой
DD7384GG,грузовой
DD9495CC,легковой
AA2615GG,внедорожник
BB1942GG,грузовой
EE1847DD,грузовой
AA8324BB,минивэн
DD4104GG,минивэн
EE7924CC,внедорожник
BB9482BB,легковой
CC8515BB,грузовой
CC9709GG,внедорожник
DD7360CC,легковой
BB9623FF,внедорожник
AA9667FF,минивэн
BB2090BB,минивэн
EE6116DD,внедорожник
AA4983GG,минивэн
AA1884CC,грузовой
AA2274DD,легковой
EE2103GG,минивэн
AA1133DD,минивэн
EE6817GG,внедорожник
CC6043FF,минивэн
AA6534BB,внедорожник
EE1870BB,легковой
EE2184DD,минивэн
BB1503FF,легковой
CC6602CC,грузовой
EE1235FF,грузовой
AA1925DD,легковой
CC7244BB,внедорожник
DD4705GG,внедорожник
CC8155DD,внедорожник
CC5325DD,легковой
EE6047FF,внедорожник
CC5812GG,грузовой
EE8368DD,минивэн
EE2169DD,легковой
AA6268FF,грузовой
DD6649GG,легковой
AA1731FF,минивэн
CC5447DD,грузовой
BB2878BB,минивэн
BB3424CC,легковой
DD1975GG,грузовой
BB1666CC,легковой
BB8435BB,внедорожник
BB7571FF,внедорожник
BB4832FF,минивэн
CC8551CC,легковой
EE7905CC,внедорожник
EE1838GG,легковой
EE9670BB,внедорожник
EE2584DD,внедорожник
DD5516CC,легковой
EE5966GG,минивэн
CC1253DD,грузовой
CC3013FF,легковой
DD1582DD,легковой
CC4963FF,грузовой
CC1454GG,внедорожник
BB6206GG,легковой
DD5346BB,легковой
CC6976FF,минивэн
EE4212GG,минивэн
AA5200BB,грузовой
AA3478DD,легковой
AA5651GG,внедорожник
AA8030FF,минивэн
EE8815DD,внедорожник
DD2595FF,грузовой
EE8014CC,легковой
BB7844GG,минивэн
EE5816GG,минивэн
CC4624CC,минивэн
CC5992DD,легковой
AA1998GG,грузовой
EE8827GG,легковой
BB8739GG,легковой
BB3290CC,внедорожник
CC7514DD,грузовой
AA2413FF,грузовой
DD3943CC,грузовой
AA7820BB,грузовой
CC1694DD,легковой
BB6738FF,внедорожник
EE5505GG,легковой
EE7013BB,грузовой
CC2794DD,грузовой
EE1451BB,внедорожник
CC6897DD,легковой
BB7436FF,внедорожник
AA9542FF,легковой
EE7819CC,легковой
CC4751FF,грузовой
BB3607DD,грузовой
AA8124DD,грузовой
DD4494GG,минивэн
EE5112BB,легковой
CC6622CC,минивэн
AA4603FF,грузовой
AA3896DD,грузовой
CC3763BB,грузовой
BB7332GG,легковой
BB4865CC,минивэн
BB6137CC,грузовой
EE1708DD,внедорожник
DD4794GG,легковой
BB3803CC,легковой
BB2214BB,внедорожник
AA8263GG,грузовой
DD8907DD,грузовой
CC1155FF,легковой
CC2853FF,грузовой
CC5124BB,внедорожник
DD1350DD,легковой
EE1341CC,минивэн
DD6527FF,легковой
CC5719FF,грузовой
AA3924CC,грузовой
CC6635GG,внедорожник
BB2022CC,минивэн
CC9892FF,минивэн
BB8056CC,легковой
DD1466BB,минивэн
BB1232FF,грузовой
BB1811FF,внедорожник
EE9965FF,внедорожник
AA9560DD,легковой
BB5881DD,внедорожник
AA5581GG,внедорожник
BB5374FF,минивэн
CC6031GG,минивэн
CC1792GG,минивэн
BB2390CC,грузовой
DD2354DD,внедорожник
EE8396BB,грузовой
DD3120FF,минивэн
CC4931DD,легковой
AA7855DD,внедорожник
DD5515FF,легковой
AA5096FF,минивэн
CC4061GG,внедорожник
DD8673FF,внедорожник
DD4139GG,минивэн
AA3407DD,легковой
AA9635FF,легковой
CC1465DD,минивэн
EE2003DD,внедорожник
AA5545BB,легковой
EE1944BB,внедорожник
BB4057FF,минивэн
EE9391BB,грузовой
EE3501GG,легковой
DD3777CC,легковой
DD4690GG,легковой
BB5658GG,внедорожник
CC6870FF,минивэн
BB9103CC,грузовой
EE9010CC,легковой
AA6296FF,минивэн
EE9451CC,грузовой
EE2997CC,грузовой
EE7784CC,минивэн
CC3239BB,легковой
BB7879BB,грузовой
DD8130GG,грузовой
DD3712BB,легковой
BB9619DD,минивэн
DD1984FF,минивэн
CC1537FF,грузовой
DD8681GG,грузовой
BB6902CC,грузовой
CC1768CC,грузовой
BB5238CC,грузовой
DD6546CC,грузовой
BB7101CC,внедорожник
EE3798BB,внедорожник
BB3602GG,легковой
EE8089CC,грузовой
DD7148BB,внедорожник
BB9068GG,минивэн
DD9467GG,грузовой
EE3842DD,легковой
CC5490GG,внедорожник
EE4998CC,грузовой
DD5028GG,грузовой
EE7730BB,внедорожник
DD5029FF,внедорожник
EE8027GG,грузовой
EE9681DD,грузовой
BB3478FF,легковой
BB4654BB,грузовой
DD7540BB,минивэн
BB3626CC,минивэн
EE2407FF,внедорожник
DD8960CC,легковой
EE7579DD,грузовой
BB1039DD,внедорожник
DD6714GG,грузовой
AA3144GG,внедорожник
BB6114CC,внедорожник
AA5272GG,внедорожник
BB8550CC,грузовой
DD7796BB,минивэн
BB1828GG,грузовой
DD2786BB,грузовой
AA6619BB,грузовой
EE3961GG,грузовой
DD6833DD,легковой
EE1992GG,грузовой
DD4207GG,легковой
CC8215GG,минивэн
BB7817BB,внедорожник
AA1416DD,минивэн
AA8941BB,легковой
BB8296BB,внедорожник
DD6454DD,минивэн
CC3659DD,легковой
AA5575FF,внедорожник
BB9012FF,внедорожник
CC2712DD,легковой
EE3952GG,минивэн
BB6658GG,грузовой
EE3342FF,минивэн
DD9335CC,легковой
BB2908DD,легковой
CC4626CC,легковой
CC4047CC,грузовой
CC8388BB,внедорожник
EE2216DD,легковой
EE4794CC,грузовой
BB9534CC,минивэн
BB9928FF,легковой
AA4151FF,минивэн
AA7288BB,внедорожник
DD1417FF,легковой
BB8384GG,грузовой
CC6546GG,легковой
AA4265GG,внедорожник
EE8753BB,грузовой
CC1571FF,минивэн
AA1044DD,легковой
AA8973CC,внедорожник
CC3982GG,внедорожник
AA5637FF,внедорожник
AA3465GG,внедорожник
DD3132FF,минивэн
EE4492CC,грузовой
DD5147FF,внедорожник
DD7530DD,внедорожник
AA9883CC,грузовой
BB8665FF,внедорожник
EE2870CC,грузовой
BB9994FF,минивэн
DD6488CC,минивэн
DD6878FF,минивэн
EE9386BB,легковой
BB9384DD,минивэн
CC2037BB,внедорожник
EE4835BB,минивэн
EE8436FF,легковой
BB6202GG,минивэн
AA7325DD,минивэн
BB6507CC,минивэн
CC5759FF,внедорожник
BB8618FF,внедорожник
EE8193FF,внедорожник
EE7663GG,грузовой
AA8242BB,грузовой
DD8205GG,легковой
DD9838CC,внедорожник
DD6313BB,грузовой
EE9677DD,минивэн
BB7716GG,внедорожник
EE9840CC,грузовой
EE8685DD,грузовой
BB8888DD,внедорожник
BB8755GG,грузовой
CC9915FF,минивэн
AA4807GG,легковой
DD1304CC,грузовой
BB4938FF,легковой
AA1341GG,минивэн
BB1876CC,легковой
AA9223BB,легковой
BB5004FF,грузовой
BB4805CC,легковой
EE8211DD,грузовой
DD4330FF,грузовой
DD2157GG,легковой
CC9135FF,легковой
AA3312GG,минивэн
EE5903DD,минивэн
EE7800GG,легковой
DD9379FF,внедорожник
DD6321DD,внедорожник
EE2456FF,грузовой
CC4472BB,минивэн
DD8737GG,внедорожник
EE9984DD,внедорожник
EE9338CC,минивэн
EE8190FF,внедорожник
EE6487DD,грузовой
CC1706BB,легковой
CC6369DD,легковой
CC1163GG,минивэн
CC2019BB,внедорожник
AA4045CC,легковой
CC8129FF,внедорожник
EE1776CC,внедорожник
BB8007DD,минивэн
AA8901FF,грузовой
BB8300CC,минивэн
AA7001GG,легковой
DD3115CC,минивэн
AA1241DD,внедорожник
CC7842DD,внедорожник
AA9245BB,внедорожник
EE3405BB,легковой
CC2714CC,внедорожник
DD3773GG,грузовой
EE7765DD,минивэн
DD3162CC,грузовой
EE7899GG,минивэн
EE1812CC,минивэн
DD1264BB,легковой
AA4579BB,внедорожник
DD7788FF,легковой
DD5232BB,внедорожник
CC6093GG,внедорожник
CC5600FF,минивэн
DD1285BB,минивэн
BB7246BB,легковой
BB1320FF,минивэн
BB6419FF,легковой
CC1124DD,минивэн
BB2545GG,легковой
DD6083DD,легковой
DD3332BB,грузовой
BB1835CC,легковой
DD4228CC,легковой
EE4876FF,легковой
BB6378CC,грузовой
AA7763FF,легковой
BB2519FF,легковой
DD9292FF,минивэн
BB1667CC,внедорожник
DD6955FF,минивэн
EE4029FF,легковой
DD6711BB,внедорожник
AA5185FF,грузовой
AA5812BB,минивэн
DD4659FF,легковой
CC9878GG,легковой
DD2376DD,внедорожник
AA6068BB,легковой
AA7593DD,минивэн
CC6291BB,минивэн
AA3832CC,внедорожник
EE3866FF,легковой
CC3354BB,внедорожник
AA2516BB,минивэн
BB4495FF,внедорожник
DD1776DD,внедорожник
AA2151GG,минивэн
AA4536CC,легковой
CC6192CC,легковой
DD8237BB,грузовой
AA8509FF,грузовой
DD2482GG,минивэн
CC6182CC,внедорожник
AA1298CC,грузовой
CC4597FF,внедорожник
BB8290FF,легковой
EE2056BB,минивэн
DD4156BB,внедорожник
EE8509BB,легковой
AA9630FF,внедорожник
DD3598CC,минивэн
DD1894CC,минивэн
CC5008CC,внедорожник
CC3022DD,минивэн
DD5628FF,грузовой
BB2102FF,грузовой
EE6462BB,грузовой
CC2696DD,грузовой
DD3484CC,минивэн
EE6116CC,минивэн
AA2843CC,внедорожник
BB1729GG,минивэн
AA1793DD,легковой
DD7033DD,внедорожник
EE9902BB,минивэн
AA9127GG,легковой
CC3909FF,минивэн
DD5688FF,внедорожник
EE1545FF,внедорожник
CC9617BB,грузовой
DD4895CC,минивэн
AA2161GG,внедорожник
AA8272BB,легковой
AA7260CC,легковой
BB7751DD,минивэн
CC2312BB,легковой
DD2476GG,грузовой
CC6792BB,внедорожник
DD1802FF,минивэн
AA1742DD,грузовой
CC6536DD,минивэн
AA2523DD,минивэн
CC5206BB,легковой
DD2234CC,минивэн
DD3050BB,грузовой
EE7649CC,грузовой
AA9435CC,легковой
CC4252FF,внедорожник
DD6086CC,легковой
BB6373CC,внедорожник
BB9415BB,легковой
DD9393BB,грузовой
DD1213BB,минивэн
CC8886BB,грузовой
AA9578GG,грузовой
EE7710FF,грузовой
EE7652FF,внедорожник
EE9692CC,внедорожник
CC6307CC,легковой
DD5163GG,грузовой
CC2145GG,минивэн
CC9909DD,грузовой
BB8619DD,легковой
DD6758BB,легковой
DD3002GG,грузовой
BB6720FF,минивэн
DD9291DD,грузовой
DD6053FF,внедорожник
CC4891GG,грузовой
CC3837BB,минивэн
AA3681BB,легковой
CC2353GG,минивэн
AA5597BB,внедорожник
AA9271DD,грузовой
DD9248GG,грузовой
CC6072BB,грузовой
EE9834CC,внедорожник
CC7311CC,грузовой
DD1981CC,легковой
CC2875DD,внедорожник
EE3360FF,минивэн
BB8324DD,внедорожник
BB4721FF,легковой
AA3389FF,минивэн
AA2433BB,легковой
EE8341CC,легковой
CC2509GG,минивэн
AA6943BB,внедорожник
CC8637GG,легковой
EE5873GG,легковой
EE3799BB,минивэн
AA9291GG,минивэн
DD7107GG,легковой
BB4263FF,внедорожник
BB5214CC,легковой
DD2624BB,легковой
EE7185FF,легковой
BB2364FF,грузовой
CC7138GG,грузовой
DD9430CC,минивэн
AA1155GG,грузовой
DD8328GG,внедорожник
EE1592CC,минивэн
BB6827CC,легковой
BB6077DD,грузовой
CC3140FF,грузовой
CC5074FF,минивэн
CC8258GG,легковой
AA5044FF,грузовой
DD3658CC,внедорожник
CC7778FF,минивэн
EE8684FF,внедорожник
BB1886CC,грузовой
AA7262CC,легковой
EE2225FF,грузовой
EE8018DD,легковой
DD2327CC,внедорожник
CC9046CC,внедорожник
EE4002BB,минивэн
EE9685CC,внедорожник
AA9213CC,легковой
BB4253GG,минивэн
BB1946FF,грузовой
EE9725CC,легковой
DD4257DD,минивэн
CC6655FF,легковой
BB5825CC,грузовой
CC7777GG,грузовой
AA7514GG,легковой
DD7273GG,внедорожник
DD8501BB,внедорожник
DD6966BB,грузовой
DD4090FF,грузовой
DD3590GG,минивэн
CC4819GG,грузовой
BB4550CC,внедорожник
EE4919GG,минивэн
AA1950BB,внедорожник
DD2340CC,минивэн
EE7602FF,минивэн
AA9512GG,грузовой
BB5491FF,легковой
EE6967BB,минивэн
EE5561DD,грузовой
CC9153GG,легковой
AA9492FF,грузовой
CC6013GG,легковой
EE6931CC,внедорожник
CC5305CC,минивэн
DD6905CC,грузовой
CC6016DD,минивэн
AA4631GG,внедорожник
DD7585FF,легковой
CC4338DD,грузовой
DD2186GG,минивэн
EE3636BB,грузовой
CC7179BB,грузовой
CC6851DD,грузовой
CC8475CC,грузовой
DD5207FF,грузовой
BB1509FF,внедорожник
CC8954BB,внедорожник
BB7570GG,легковой
AA3401CC,минивэн
EE5607CC,внедорожник
BB5573BB,грузовой
AA3099DD,грузовой
BB7416BB,легковой
BB7490BB,легковой
BB1229CC,внедорожник
BB4648DD,внедорожник
AA8915BB,грузовой
CC2101FF,легковой
EE5533GG,легковой
EE2117CC,внедорожник
EE2290DD,внедорожник
AA1480CC,внедорожник
AA9521GG,внедорожник
AA5802DD,грузовой
DD8669BB,легковой
AA9311DD,минивэн
AA9376FF,внедорожник
CC4343CC,минивэн
AA2264BB,внедорожник
BB5551BB,легковой
DD9260BB,минивэн
CC9151CC,внедорожник
DD2614CC,легковой
AA3836BB,грузовой
DD5471BB,минивэн
CC8708BB,грузовой
BB6962BB,легковой
AA9774BB,грузовой
BB9859DD,минивэн
AA7332BB,грузовой
DD5295DD,минивэн
AA9542GG,минивэн
EE3927DD,внедорожник
DD4172CC,внедорожник
AA4247BB,внедорожник
AA7553DD,внедорожник
EE8219CC,минивэн
EE8224BB,легковой
EE8585DD,минивэн
DD7226GG,легковой
AA8283BB,грузовой
AA5265BB,грузовой
BB5023CC,грузовой
EE1801DD,легковой
EE4058FF,грузовой
DD4185GG,минивэн
BB1186BB,внедорожник
EE2862BB,грузовой
DD4557DD,минивэн
CC5507FF,легковой
EE1890CC,внедорожник
AA4703DD,грузовой
CC9263CC,легковой
CC8464DD,грузовой
EE3882FF,грузовой
AA5417BB,легковой
DD3697DD,легковой
BB2680GG,минивэн
AA1720GG,минивэн
EE9978BB,минивэн
DD4403CC,минивэн
CC7195CC,легковой
CC7551BB,грузовой
CC6440GG,минивэн
CC7425FF,легковой
CC5795DD,грузовой
CC4225DD,внедорожник
CC6639FF,легковой
CC9806DD,грузовой
CC1219GG,минивэн
CC3373FF,грузовой
CC3956FF,внедорожник
DD6528FF,минивэн
CC5066CC,внедорожник
CC8640FF,грузовой
BB1431BB,грузовой
CC3292CC,грузовой
AA7217FF,минивэн
DD5121DD,внедорожник
EE4232FF,грузовой
EE2819BB,грузовой
AA3714BB,внедорожник
CC4125FF,минивэн
DD4919CC,легковой
DD4328GG,внедорожник
CC2826CC,внедорожник
BB6022GG,внедорожник
AA6669FF,минивэн
DD9098DD,внедорожник
CC8367GG,легковой
DD1495BB,минивэн
EE1696BB,минивэн
DD7280BB,легковой
CC2756FF,легковой
DD1808CC,легковой
EE4910DD,внедорожник
BB4935GG,внедорожник
EE6043GG,грузовой
EE3574GG,внедорожник
AA8831CC,внедорожник
EE8783BB,внедорожник
CC3864GG,внедорожник
DD5440FF,минивэн
CC2336GG,внедорожник
EE6958GG,внедорожник
BB8856DD,легковой
BB5942BB,минивэн
CC4528CC,минивэн
AA4913CC,внедорожник
DD4565DD,грузовой
