client_id,client_name,client_phone,client_address
1,Crystal Cochran,912.390.1720,"3464 Jeff Cliffs Apt. 251
Cummingsbury, HI 26325"
2,Michael Gallegos,001-830-378-3403x60002,"431 Price Street Suite 959
South Tylerfort, OK 34952"
3,Michelle Diaz,454.250.2607x282,"4606 Glass Forest
Lake Brady, MS 26849"
4,Michelle Wilcox,712.899.0938x5955,"5348 Christopher Pike
Carmenmouth, OR 04197"
5,Jonathan Robinson,7805642006,"070 Davidson Plains Apt. 357
Jorgefort, TX 76427"
6,David Vaughn,(206)351-5846x6302,"991 Ward Islands Suite 264
West Colleenfurt, PR 39113"
7,Melissa Long,001-635-803-0374x9199,"PSC 5213, Box 6308
APO AA 20980"
8,Michael Hicks,413-757-6402x820,"421 Schmidt Mountain
Myerston, WI 34084"
9,Reginald Simpson,485-328-9880x44747,"5853 Hartman Row
West Stephenton, MI 64659"
10,Wesley Parker,(538)515-1352x1813,"959 Danielle Brooks Suite 071
Curtisberg, CT 33859"
11,Bryan Odonnell,001-228-435-6997,"65726 Vanessa Square Apt. 639
North Roy, CA 43372"
12,James Spencer,+1-622-731-7338x83785,"37738 Baker Circle Suite 260
South Crystalstad, VI 16855"
13,Scott Martin,(719)301-5503x86118,"65879 Kyle Heights Apt. 894
South Amy, UT 03881"
14,Preston Brown,(981)261-0880,"85576 David Gardens Suite 381
Estradachester, ID 60227"
15,Pamela Reilly,6032026412,"023 James Forest
Smithport, ID 76842"
16,Zachary Cook,629.714.7612x2828,"058 Moody Fort
Vargasport, MD 19491"
17,Jason Paul,+1-678-877-4883x993,"USNV Walker
FPO AE 16572"
18,Leonard Walker,001-452-692-3530x629,"9063 Katherine Lock Apt. 618
East Julianchester, PR 81654"
19,Christopher Green,001-515-843-4100x4567,"762 Sean Pass
Salasview, NV 59385"
20,Amy Moore,(750)649-9140x666,"98807 Jason Drive Apt. 362
Port Meghan, MN 82850"
21,Robert Lewis,693.442.3861,"8271 Eric Cliffs Apt. 469
East Susantown, AR 23479"
22,James Clarke,+1-625-482-1204x864,"PSC 4931, Box 7194
APO AP 78223"
23,Kathleen Smith,351-380-4676x3169,"16258 Fitzgerald Lakes
Shaneton, CT 30386"
24,Susan Smith,(766)348-4659,"6948 Roberts Burgs
Kellyberg, ID 36237"
25,Maria Benitez,+1-684-849-4467x5616,"6832 Yolanda Spurs
Barnettview, KY 31400"
26,Christopher Robinson,(634)795-3292,"39966 Tapia Street
East Loristad, CT 75192"
27,Angela Lane,(680)392-7326x6194,"7275 Lisa Viaduct Apt. 906
North Jennifertown, MO 61527"
28,Katie Hill,942-377-5657,"24691 Tanner River
Khanchester, CO 85714"
29,Brian Blankenship,827.641.5610x972,"4609 John Rest
Keithmouth, MT 72483"
30,Miss Julie Nelson,(593)399-6887x85209,"PSC 0625, Box 3495
APO AP 13063"
31,Theodore Moyer,954-761-5696x13028,"087 Christopher Square
Lake Taylor, NM 66787"
32,Lisa Kim,880-639-3118,"063 Janet Junction
Port Michelle, PR 88936"
33,Scott Lopez,861-858-9843x804,"7572 Jonathan Inlet Apt. 763
Port Jimmyview, NM 69912"
34,Elizabeth Brown,574-864-8861x8039,"15936 Daniel Wall Suite 566
Harryborough, FL 48475"
35,Reginald Rich,001-328-230-5038x14949,"7788 Cunningham Pike Suite 874
Jamiefort, ME 17208"
36,Andrew Aguilar,+1-740-824-0353,"8111 Williams Path
Wellsborough, CT 04341"
37,Jeanette Moore,(352)502-8959x76315,"2066 Jacobson Land Suite 504
Bowersburgh, MO 71014"
38,Traci Strong,+1-872-491-9103x49535,"78424 Cruz Dale Apt. 040
Hurleytown, GU 98616"
39,Cassandra Bell,+1-992-602-3866,"902 Greene Burgs
Lake Tammyshire, WA 98311"
40,Joseph Vargas,001-361-765-6397,"40754 Anne Burgs Suite 796
Kathrynville, KS 66432"
41,Donna Mcbride,838.406.6406,"USNV Romero
FPO AP 19066"
42,Michael Weaver,(574)871-4702,"PSC 7815, Box 1763
APO AA 23969"
43,Jennifer Wright,+1-362-687-3035x7960,"3329 Jeffrey Highway Apt. 786
North Michelle, SD 11912"
44,Mike Rodriguez,+1-257-979-6320x6511,"52040 Amy Lodge Apt. 084
Hamiltonchester, MO 96607"
45,Kevin Ward,577-386-1328,"8793 Hill Square Apt. 620
Burtonview, NM 85295"
46,Troy Mendez,324-873-9952x03567,"904 Lawrence Canyon Apt. 527
Vaughnchester, LA 91463"
47,Joel Smith,+1-551-229-0026x464,"PSC 7776, Box 2443
APO AE 35189"
48,Lee Wilson,809-270-4006,"62033 Jessica Underpass
North Marilynmouth, NV 06624"
49,Austin Potter,001-638-978-7091x760,"Unit 7089 Box 6263
DPO AA 61268"
50,Erica Gardner,8356178637,"58613 Gaines Coves
South Kyle, TN 05125"
51,Ashley Sanders,001-958-777-0851,"84482 Andrew Fields Suite 979
Braunhaven, SC 48012"
52,Ryan Hines,302.923.8126,"86120 Cunningham View Apt. 179
Shawnburgh, MN 07677"
53,Stacy Paul,(983)591-4146x03805,"30858 Michael Green Apt. 216
Kellershire, GU 27575"
54,Melissa Phillips,+1-838-778-8998x8653,"283 Robert Springs Suite 790
Lanceview, MO 46913"
55,Kimberly Brown,+1-498-207-0810,"108 Maurice Heights
Adrianfurt, MD 32282"
56,Cheyenne Kim,+1-803-845-7190,"743 Gonzalez Ridges
East Anna, DC 82296"
57,Dean Williamson,522.430.6005x480,"USCGC Patel
FPO AA 85376"
58,Charles French,495-284-3539,"0020 Wright Views
Weberville, FM 23662"
59,Richard Murphy,(412)927-3874,"62107 Robert Crossroad Suite 470
Robertofurt, AR 96738"
60,Charles Salas,(779)820-6173x212,"6071 Moore Course Suite 064
New Gary, PR 39836"
61,Sara Flores,295-335-0067x20206,"492 Newman Skyway
Figueroaview, LA 18006"
62,Joan Clarke,699-741-3053,"8090 Susan Mountains
East Shannonshire, GU 19939"
63,Dana Jones,728.886.5557,"7778 Bill Unions Apt. 338
Greeneburgh, OK 59710"
64,Kathy Simon,588-409-9932,"314 Sarah Lodge
Harrisberg, GU 15281"
65,Mrs. Terri Guzman DDS,531.576.0134,"854 Alison Avenue
Ellisfurt, NY 17500"
66,Bobby Hughes,959.503.9680,"3215 Antonio Junctions Apt. 569
New Michellebury, PA 15629"
67,Mercedes Stafford,(536)268-9395x0273,"74427 Frank Crossing Apt. 593
Port Laura, MA 17430"
68,Wayne Garcia,+1-695-628-8518x17691,"982 Wilson Camp
Lake Krystal, NH 68406"
69,Mitchell Wilson,839.513.7323,"Unit 1689 Box 9445
DPO AP 55552"
70,Meghan Mccarty,(204)892-0119x2352,"7262 Roger Glen Suite 501
Smithbury, IN 27417"
71,Dr. Jimmy Bowers,001-806-239-7977,"9585 Ross Orchard Apt. 950
Villahaven, DE 92884"
72,Lindsey Gordon,886.586.1271x2297,"61808 Anderson Fork
Port Joseshire, MD 03311"
73,Amanda Salazar,001-404-461-5873x485,"01057 Harris Turnpike
Tonyfort, MT 62220"
74,Joshua Davis,450.679.0283,"85432 Garrison Place
Hurstland, WA 36175"
75,Amber Oconnor,(398)690-4694x2999,"58495 Smith Harbors
Lake Jacquelineborough, AR 92089"
76,Alexander Wilson,(444)438-5185x3583,"3613 Rosario Track
Chanland, MP 42020"
77,Kelly Wilson,(983)862-7187x6700,"76424 Gallagher Freeway
South Aprilton, NY 28377"
78,Kimberly Ferrell,577-273-2416x99034,"054 Teresa Neck Apt. 254
New Jeffreyborough, NJ 68762"
79,Donald Taylor,9378867820,"170 Jamie River
South Ryan, WY 86508"
80,Christopher Brown,(602)597-7020x835,"24458 Lee Greens Suite 809
Brownfort, HI 23485"
81,Angela Bush,+1-563-856-0466x66631,"8518 Solomon Ramp Suite 323
Kathrynburgh, NM 18962"
82,Christopher Barnes,378-264-0930x278,"816 Robert Path
Harringtonberg, HI 94498"
83,Colleen Moreno,797.544.8090x93717,"4462 Stephanie Viaduct
Jeanneview, KS 48701"
84,Nathaniel Sanders,324-775-8572,"671 Hernandez Corners
Markchester, OR 67995"
85,Kimberly Smith,966.704.4393x4861,"205 Joseph Manor Apt. 847
New Stuart, AZ 75532"
86,Toni Evans,578.402.1964,"0608 Anthony Fall
Joshuabury, UT 89793"
87,Carol Stout,001-223-322-5371x71399,"02938 Cantu Trace Suite 381
Marthafurt, VT 61452"
88,Nancy Scott,922-565-1819x84927,"62125 Lewis Extension Apt. 746
New Josephborough, TN 83887"
89,Julie Cook,594.878.3409x83662,"323 Drake Mission
Port Kimberly, AL 79397"
90,Yvonne Smith,001-608-402-7329x124,"74010 Williamson Rue Suite 627
Sellersside, MA 48530"
91,Daniel Daniels,+1-856-848-4756x9396,"1426 Tyler Fall Apt. 001
Katrinaside, AS 40041"
92,Dawn Ibarra,(212)541-2234x11365,"835 Rios Run
New Scottfort, MI 97087"
93,Erin Hernandez,(813)723-4048x651,"707 Williams Hollow Suite 027
New Benjaminfort, TX 01116"
94,Taylor Walters,759.779.2136x613,"3022 Fields Flats
Baldwintown, MT 13575"
95,Elizabeth King,001-449-975-9862x8456,"1851 Laura Meadows
Lake Tara, DE 64964"
96,Jeffrey Harris,001-637-365-6662x44573,"488 Donald Trafficway Suite 678
Normaburgh, NY 59227"
97,Zoe Bell,+1-467-955-6673x71965,"820 Bell Trail Apt. 266
Jonathanview, PA 37020"
98,Brittany Wilson,863.841.2199,"538 Marc Skyway Suite 069
South William, NM 08239"
99,Richard Marquez,(463)800-2737x64630,"8304 Shane Fort
Lesterstad, SD 69195"
100,Colin Joseph,(346)947-8475,"8371 Smith Stravenue Apt. 793
Alexismouth, VA 15643"
