car_number,owner_name
CC6399GG,Edwin Mcmillan
DD2312BB,James Douglas
EE7573DD,Valerie Gray
BB8216FF,Jennifer Barrett
DD1253GG,Victoria Castillo
AA8216FF,Renee Bray
BB4476BB,Daniel King
DD4129GG,Bryan Perry
EE4011CC,Brittany Martin
BB8452CC,Robert Baker
DD9022CC,Joshua Choi
EE2865DD,Jack Allen
CC5070DD,Tammy Contreras DDS
BB5349CC,Mr. Michael Roberson
DD8457BB,Robert Cox
BB1081DD,Madison Alvarez
EE2207DD,Justin Pollard
AA2627DD,Darlene Carpenter
AA7338FF,Adam Rodriguez
DD1446BB,Jessica Scott MD
AA5886GG,Rachel Richmond
AA1765BB,Ronald Cross
CC5436FF,Mr. Gregory Clark
DD6898BB,Michael Scott
EE8522GG,Karen Andrade
CC6156DD,Linda Pena
CC1116DD,Keith Fowler
DD9183BB,Judith Perry
EE4757BB,Paul Hess
DD7761DD,Justin Jones
CC1065FF,Amanda Smith
DD3890BB,Thomas Levy
BB2269CC,Karen Hale
EE3634CC,David Lawson
CC9154FF,Amber Morales
BB9855GG,Jon Smith
DD7004FF,Gregory Johnson
CC9736CC,Amber Hansen
AA8716BB,Jason Levine
CC2294GG,Christian Ramirez
DD7298FF,Dawn Paul
CC9909CC,Melanie Orr
DD2710FF,Nathan Rivera
CC3740BB,Gregory Johnson
CC5468GG,Casey Kirby
BB8092CC,Erika Guzman
AA9537GG,Cheryl Marshall
AA6312GG,Justin Martinez
EE7823BB,Billy Elliott
DD1567FF,Jared Bridges
DD2874GG,Theresa Alexander
EE4290BB,Ryan Rasmussen
AA7262GG,Don Davis
BB5077GG,Dr. Laura Smith MD
AA9493FF,Emily Mitchell
AA3155FF,Alexander Graham
AA6237CC,Matthew Frey
CC8114CC,Gabriel Schultz
BB2784BB,Amber Holmes
BB9755GG,Michael Zimmerman
BB1546GG,Geoffrey Haley
BB2009DD,Dylan Gonzalez
CC9597FF,Karen Cooper
AA4382FF,Elizabeth Parker
AA1646CC,Christina Christian
EE7301DD,Lynn Alvarado
CC4115CC,Philip Acosta
DD9422DD,Alicia Torres
BB4795BB,Evan Mcknight
DD5794CC,Jennifer Ward
BB1731CC,Victoria Williams
CC1992FF,Jesus Carpenter
DD1580GG,Adrian Valenzuela
CC2427CC,Thomas Leblanc
DD5271GG,David Hanson
BB8127FF,Christina Esparza
EE9843CC,Gary Williams
DD3871CC,Kenneth Reed
CC8864BB,Kathryn Bailey
DD2871GG,Jeremy Gonzalez
CC5871BB,Monica Diaz
EE2167FF,Donald Burke
BB5844CC,Terry Bell
EE9747GG,Jenna Adams
BB6867GG,Jacob Spence
DD7090GG,Benjamin Grant
AA8645BB,Scott Whitaker MD
DD9089DD,Brenda Decker
CC4768FF,Laura Garcia
BB9097GG,Mallory Morrison
BB7036FF,Jeffery Rodgers
CC1468GG,Seth Pena
BB9207CC,James Garza
EE3360DD,Lisa Freeman
AA8173CC,Michael Dunn
DD7828GG,Daniel Snyder
CC3376DD,David Solis
CC1261CC,Thomas Gonzalez
AA6219GG,Jacob Kelley
DD2155BB,Olivia Vega
BB9661DD,Cheryl Stanley
AA3296DD,David Myers DDS
CC1066DD,Patricia Jones
AA6212DD,Joseph Osborne
DD5783DD,Tiffany Stevenson
BB4966GG,Jordan Trevino
EE7209DD,Melanie Frazier
AA6457FF,Rachel Hill
BB7364GG,Mark Sanchez
AA5902DD,Diane Mendoza
DD9956DD,Steven Nunez
CC4223GG,Alexander Thompson
DD4809DD,Jorge Benson
AA4372CC,Andrew Scott
BB2188FF,Stephanie Lucas
BB1329GG,Catherine Hopkins
AA3781BB,Shannon Williams
CC3322BB,Mathew Pena
AA7261BB,Stephen Jones
CC6528FF,Shelby Small
CC1855FF,Rachel Bryan
AA8280GG,Laura Morton
DD8151GG,Joshua Burch
AA5930CC,Leslie Kaufman
BB8623DD,Ashley Lloyd
EE5338BB,Theresa Gibson
DD5434GG,Beth Woodward
DD3076DD,Joshua Richardson
DD8765FF,Sarah Hendrix
CC7915FF,Jennifer Huff
DD1972DD,Christopher Coleman
EE8020DD,Peter Franco
DD3545GG,Amber Oliver
AA5781GG,Joseph Howell
EE4287FF,Andre Santos
AA6055FF,Mitchell Adkins
BB3580BB,Rose Rose
BB2465DD,Jack Douglas
AA5168GG,Douglas Donovan
BB1349CC,Mrs. Alejandra Blackburn
AA2750FF,Heather Williams
EE6294GG,Victor Brewer
AA1683DD,Brandi Sullivan
CC1118DD,Jodi Kim
DD7681BB,Catherine Malone
BB1781GG,Frank Evans
DD5735CC,Brittney Burch
AA5923BB,Ryan James
BB6287CC,Debbie Butler DDS
AA7434FF,Ian Palmer
EE8211GG,Joseph Williams
DD8321CC,Michael Armstrong
AA3835FF,Tiffany Rodriguez
EE2372CC,Barbara Jordan
AA6600CC,Andrew Wallace
AA4965CC,Andrea Mcguire
BB9422DD,Lisa Robbins
DD8366FF,Ann Clements
AA9354GG,Mrs. Carrie Wang
BB6782BB,Dawn George
AA4862GG,Alexis Moore
BB2851DD,Andrew Brown
CC4323FF,James Fuentes
AA7705DD,Jamie Cruz
CC7839FF,Christina Clark
EE5733CC,Deborah Martin
AA5306GG,David Cooper
EE7614BB,Shelia Adams
BB9320CC,Lynn Barker
CC5466FF,Dustin Taylor
EE4671CC,Sara Porter
EE4779DD,Mary Brooks
DD3042BB,Elijah Sharp
EE8701DD,Rachael Miller
DD9767CC,Dawn Cunningham
EE4494FF,Matthew Foley
AA2340GG,Michelle Zhang
BB1887GG,Andrew Proctor
EE7443CC,David Meyer
DD9322CC,Veronica Smith
CC7243GG,Kellie Smith
EE5768GG,Robert Lloyd
BB9163DD,Angela Martinez
CC5491BB,Kenneth Francis
BB5496DD,Emily Rodriguez
DD5420CC,Marco Alvarez
CC4003FF,Monica Munoz
BB2112FF,Billy Hays
BB4118FF,Scott Collins
CC7057GG,Susan Brown
BB4738DD,Robert Cooper
DD7735FF,Michael Howard
AA3227CC,Janet Turner
CC1498CC,Annette Brown
CC6045CC,Krystal Campbell
AA8058FF,Maureen Marshall
EE9710CC,Jennifer Wagner
DD8275GG,Lisa Miller
DD8332BB,Jennifer Evans
BB1009GG,Rebecca Oconnor
DD5470BB,Justin Jensen
DD8454FF,Leslie Bates
BB9467CC,Judy Bartlett
AA5077FF,Michael Wilson
CC3289BB,David Valenzuela
BB4655FF,Nicole Ingram
AA3005DD,James Jenkins
CC2169DD,Charles Ramos
DD2334GG,Sara Callahan
DD1777GG,Edwin Vaughan
CC6540FF,Madison Roberts
AA7843GG,Jane Thornton
EE3756BB,Aaron Pearson
BB3052GG,Robert Blanchard
EE6295DD,Michael Quinn
BB2357BB,Brian Coleman
BB9053FF,Sue Powell
EE4993CC,Sarah Murray
EE4841GG,Christopher Arias
EE3872FF,Randy Bowman
DD2678BB,Thomas Jacobson
AA1289GG,Michelle Wilson
EE4604FF,Janet Le
CC5104BB,Lisa Rivera
EE8506DD,Anthony Williams
DD8337BB,Phyllis Conrad
BB1715BB,Wendy Moore
DD9000BB,Richard Cook
CC7664CC,Charles Smith
DD7733GG,Rachel Lee
CC8606GG,Sergio Powell
AA7372FF,Clinton Martin
EE8595GG,Matthew Lopez
BB7077FF,Jamie Gonzales
DD1582BB,Mrs. Alexis Jones
EE3306DD,Timothy Williams
BB3298CC,John Kelly
AA9348GG,Timothy Mcdaniel
BB8605DD,Richard Green
EE3998CC,Jenna Huynh
CC9615GG,Willie Oneal
EE5068FF,Jonathan Mccann
DD3208BB,Maureen Franklin
EE7286DD,Edward Wise
CC2730BB,Daniel Black
AA5458CC,Katrina Golden
CC1959CC,Derek Moore
EE4205DD,Michael Jones
AA3969CC,Rebecca Webb
EE6229FF,Stephen Schneider
EE8281FF,David Lewis
AA9432CC,Kelsey Moran
BB3671CC,Elizabeth Rodriguez
DD5329DD,Tonya Waters
EE5830FF,Christopher Terry
AA4997FF,Jason Jenkins
AA7759FF,Matthew Green
BB7239FF,David Campbell
CC8802DD,Angie Castillo
DD3717DD,Chase Powell
AA7766CC,Kenneth Boyd
BB4180BB,Mrs. Cynthia Morton
BB6648GG,Cassandra Brown
BB3906BB,Scott Robbins
EE6500GG,Carrie Smith
DD3931DD,Anna Fuentes
BB1576DD,Heather Kane
EE8240FF,Thomas Garcia
BB6630BB,Jeffrey Soto
CC4216DD,Kurt Baker
EE9041DD,Jeffrey Williams
CC1930CC,Erin Hines
DD5855DD,Deborah Walsh
AA2497FF,Daniel Berry
EE9249CC,Traci Richardson
DD7124CC,William Wallace
BB6259CC,John Quinn
AA5012GG,Lauren Hunt
AA9815CC,Matthew Morrison
CC2861BB,Mark Ramos
AA5226DD,Tanya Bradley
BB6177GG,Dale Anderson
CC7165CC,Anthony Martin
AA7580DD,Christopher Lucas
BB6538BB,Hector Long
EE2385FF,Lauren Smith PhD
CC8892FF,Jessica Mora
DD7728DD,Kenneth Ross MD
CC6196DD,Alejandro Morgan
AA9307CC,Ricky Rodriguez
DD4999FF,John Bender
EE7956GG,Mrs. Nichole Young
DD2887GG,Ruth Weiss
EE4395FF,Joseph Young
EE1503BB,Mackenzie Landry
CC5310CC,Christopher Harris
BB9453CC,Christopher Mullins
CC5658BB,Russell Lynch
EE4469GG,Ashley Alvarez
CC9963FF,Michelle Hart
CC2725GG,Vicki Reed
BB5768GG,James Martin
DD6035GG,Bobby Tran
CC9324DD,Linda Fitzgerald
EE8778BB,Andrew Sutton
EE4747DD,Shannon Robinson
DD6115GG,Carolyn Walker
BB8789BB,Ronald Wallace
EE4719GG,Timothy Mcdaniel
BB6481DD,Samantha Kim
AA7767CC,James Mcmillan
EE5599GG,Meredith Flynn
CC9334BB,Ryan Robinson
BB6137FF,Robert Howard
BB9471DD,George Clark
CC5759BB,Stacey Brown DDS
EE9055BB,Brian Garrett
BB8712FF,John Porter
EE7781GG,Jacqueline Poole
DD4498BB,Sandra Gilbert
DD7876GG,Joseph Adams
BB2498FF,Eric Hughes
BB8354DD,Lisa Smith
CC7393BB,Gregory Hicks
EE9681CC,Amanda Smith
BB8584DD,Gary Rodriguez
DD6533GG,Stephen Kennedy
CC7404GG,Jeffrey Maddox
BB5078BB,Aaron Martinez
EE5937DD,Zachary Garner
EE7895CC,Wendy Villegas
DD1743DD,Toni Johnson
BB8932BB,Andrew Gray
AA5106BB,Gerald Foster
BB1886BB,Melissa Baker
DD3664BB,Mary Donovan
CC2522DD,Angel Palmer
DD5460DD,Gail Martinez
DD1671GG,Courtney Carr
EE7911CC,Timothy Walton
EE6055BB,Randall Henson
BB1933CC,Matthew Tapia
AA4757DD,Dr. Joseph Young
BB6561BB,Morgan Hill MD
AA4653GG,Jacqueline Abbott
AA9449DD,Hector Garcia
CC6151DD,Bradley Davis
CC6068DD,Ronald Bryant
EE6442CC,Steven Reid
CC9289GG,Morgan Green
DD9784BB,Nicholas Roberts
EE5038DD,James Ramos
BB7027CC,Brian Jensen
EE7949BB,Annette Sims
DD8461BB,David Scott
DD8214CC,Michael Hunter
DD4046GG,Jennifer Moreno
DD6386CC,Jeffrey Ellis
BB8479BB,Angela Holland
CC7712CC,Cynthia Reynolds
AA4805DD,John Andrews
DD6988DD,Margaret Cisneros
CC9279BB,Michael Johnson
AA6559FF,Lori Baldwin
EE7040DD,Renee Medina
AA1314FF,Jennifer Dickson
EE4973GG,Kayla Martin
EE7946GG,Katherine Jensen
AA2224BB,Rachel Jones
EE2837DD,Samantha Lee
CC7893FF,Jane Jackson
DD4049GG,Barbara Perez
DD9397GG,Kyle Glover
DD4587GG,Louis Gonzalez
DD4393BB,Darryl Jones
CC5303CC,Christopher Jones
EE9151FF,Casey Ramos
BB7130BB,Courtney Collins
AA2848BB,Kim Jones
CC8205DD,Donald Miller
EE7578CC,Charles Smith
AA2113DD,Robert Middleton
AA4074CC,Michael Smith
EE8566CC,Lorraine Atkinson
CC6183CC,Stephanie Brown
DD3954GG,Alejandro Brown
AA3213FF,Lisa Morales
EE2582GG,Lynn Orr
EE6341GG,Brian Newman
AA5068BB,Christina Guerrero
CC9032FF,Michaela Fleming
DD9144FF,Lisa Branch
CC9408GG,Sharon Wagner
BB9644FF,Andrew Jimenez
AA4567GG,Dustin Sweeney
AA1410FF,Joshua Shepard
CC1742FF,Patricia Glenn
CC3892BB,Valerie Johns MD
DD5020BB,Shannon Wilson
CC7227DD,Mary Ross
AA7871FF,Andrew Morrow
DD9429FF,Frances Rodriguez
CC8874DD,Kelsey Jackson
AA1482DD,Chelsea Wheeler DDS
BB6804GG,Ellen Mccall
EE1633BB,Greg Cooke
BB6542BB,Frederick Chambers
CC9561GG,Karen Branch
CC2296GG,Jose Lee
BB1376BB,Kevin Jimenez
BB8751DD,Karen Murphy
CC4174BB,Angela Alvarez
CC7105CC,Sherry Sanders
BB6670GG,Jennifer Bennett
CC9676CC,Paul Harris
DD8670BB,Kelly Myers
AA2298BB,Mike Tucker
AA1032DD,Donna Owens
CC8969FF,Bradley Huff
CC3595GG,Joseph Evans
AA9474GG,Susan Campbell
BB4878FF,Kimberly Johnson
AA7133FF,Joseph Hernandez
AA3126DD,Peter Curtis
EE7752GG,Ronald Maynard
DD1005GG,Amy Ferguson DDS
EE6025DD,Jordan Matthews
AA6720FF,Jon Eaton
DD8717FF,Anthony Davis
CC1688BB,Diana Shelton
AA5331BB,Jacob Andrews
AA2523FF,Mr. Cody Waters
EE5716DD,Katherine Parker
BB2631CC,Aaron Arroyo
EE7876CC,Charles Wells MD
EE7079DD,Matthew Long
CC1769DD,Mark Simon
DD2751FF,Zachary Stafford
CC5644BB,Charles Barrett
BB4660DD,Jeffrey Sanchez
DD4231BB,Vanessa Campbell
CC2763BB,Wendy Rodriguez
CC3184GG,Jason Mason
AA7893FF,Sarah Mendoza
AA9971CC,Tammie Jones
AA4918GG,Donald Dawson
BB4628CC,James Wright
AA3156CC,Aaron Cline
AA4108GG,Brianna Lawson
AA5541GG,Tracey Watson
CC3268CC,Yolanda Taylor
DD4825GG,Kenneth Shepard
EE1075FF,Laura Lawson
EE6540BB,Anna Cruz
DD8945DD,Jason Martinez
CC4945GG,Karen Garcia
BB6193GG,Katherine Long
DD3785FF,Matthew Farmer
DD1277BB,Robert Chase
DD4940GG,Mary Smith MD
DD6892CC,Jonathan Brown
BB8633FF,Phillip Osborn
BB2381CC,Tasha Wilson
BB1922BB,Monica Wright
BB2726CC,Jennifer White
DD8460CC,Katherine Willis
EE1413FF,Darin Miller
EE1036CC,Sean Rollins
EE4484CC,William Mccullough
CC7178CC,Sara Campbell
EE7101DD,Kurt Williams
EE4842FF,Jamie Williams
CC7798BB,Christopher Ford
BB5515DD,Debra Jackson
BB2039FF,Joseph Lee
DD7428FF,Karen Olson
EE3489BB,Michael Atkinson
CC3747FF,Amber Moore
CC2251DD,Karina Frye
AA3501FF,Caleb Grant
DD3415BB,Brian Parker
AA9643DD,Tina Cortez
BB6462DD,Alexander Perkins
DD3145CC,Sean Gonzalez
AA7165FF,Lisa Hall
DD4779BB,Breanna Little
EE1240CC,Shannon Davis
CC2481FF,Jasmine Gonzalez
EE3088FF,Roy Stevenson
CC7560DD,Maria Morgan
DD1446FF,Carl Perkins
CC9300FF,Warren Webb
BB2691CC,Michael Wolfe
AA8564FF,Jeffrey Munoz
DD6237DD,Tommy Taylor
AA3655BB,Jennifer Lopez
CC8984BB,Deborah Holland
DD4030FF,Veronica Hudson
EE2011FF,Katherine Murphy
EE6450GG,Douglas Crawford
CC5418GG,Anthony Zhang
DD4231DD,Judy Arellano
BB7493BB,Scott Davis II
DD1818DD,Amanda Long
BB2387GG,Maria James
CC7162BB,James Garrett
DD3940CC,Jennifer Ross
EE4591CC,Hannah Armstrong
CC6241GG,Andrea Hayes
CC6366FF,Tracy Floyd
CC6092FF,Thomas Burton
BB4392FF,John Tran
BB2192CC,Valerie Adams
AA3161GG,Aaron Andersen
EE4709CC,Michael Smith
BB3267DD,Monique Jensen
EE9428BB,Cory Cannon
DD9752CC,Travis Pratt
DD2459FF,Mason Yang
AA9182BB,Peter Baker
CC4809BB,Joseph Barrett
CC7623GG,Douglas Bryant
BB5257FF,Elizabeth Johnson
EE5004DD,Joshua Bennett
DD3416GG,Mr. Michael Cruz
CC5649BB,Tristan Guzman
AA1520GG,Mary Young
CC8738GG,Kathryn Johnson
AA4487CC,Billy Johnson
AA3218GG,Mrs. Brittney Raymond
BB7148CC,Austin Mora
CC8818FF,Calvin Decker
BB7839BB,Joe Ware
DD2030GG,Leslie Macias
CC9491GG,Joseph Austin
BB2750CC,Christina Rodriguez
AA4878CC,Wanda Berry
AA7623BB,Rachel Gill
CC8089CC,Scott Smith DDS
CC7142FF,Hannah Thompson
BB5396GG,April Flores
EE5549GG,Cindy Morrison
CC2483BB,Joseph Martinez
CC7360FF,Carol Carter
EE8247GG,Deanna Daugherty
AA1204FF,Dr. Juan Boyd
BB7571GG,Kelly Ayers
EE8966FF,Ana Lopez
CC5320BB,Catherine Maldonado
DD5786GG,Michele Ferguson
BB3575BB,Samantha Price
DD7911CC,Diana Parks
BB9885FF,Crystal Greer
BB4932DD,Jason Maynard
EE1461BB,Jacob Rosario
BB1530DD,Ryan Mckay
DD1643BB,Melissa Oconnell
BB7974GG,Regina Mcintyre
EE8343GG,Erica Sutton
CC1786CC,Frank Hoffman
DD3549BB,Jonathan Moore
EE1348BB,Angela Duran
AA1588GG,Christopher Grant
CC6938CC,James Johnson
AA3060GG,Eric Keller
AA8929FF,Albert Salazar
EE3122CC,Alexis Singleton
DD4362GG,Philip Anthony
DD7452DD,Matthew Morris
BB7859BB,Patricia Rocha
AA7137FF,Justin Murphy
DD2600CC,Dr. Dana Ramsey
BB5671FF,Elizabeth Mathews
BB1063FF,Adam Decker
CC5517GG,David Olson
AA9737DD,Stephen Cabrera
DD7684CC,Carla Benton
DD3096BB,Tiffany Patterson
BB9311FF,Donna Reed
AA8355FF,Dylan White
EE6380CC,Daryl Wilkinson
BB6294FF,Timothy Gonzales
EE6347FF,John Miller
CC4381CC,Benjamin Schmidt
DD4579CC,Chase Cohen
BB8934GG,Robert Farrell
BB1416FF,Stephanie Benitez
EE3235GG,Ryan Wallace
DD6365GG,Daniel Price
EE9125DD,Andre Durham
DD1264DD,Ashley Brewer
CC6462BB,Tammy Peterson
EE3061BB,Richard White
BB4085DD,Jeremiah Simpson
AA2440FF,David Mendez
BB3016GG,Larry Anderson
EE6111GG,Emma Webster
CC7599DD,Mary Herring
CC8922FF,Lori Obrien
AA2460GG,Michelle Thompson
DD1728CC,Stephen Morgan
EE5243GG,Lindsey Benson
AA4342DD,Richard Dominguez
CC7501BB,Kevin Johnson MD
BB9721FF,Gabriel Parker
CC7583CC,Robert Oconnor
AA1662FF,Chelsea Taylor
DD3447BB,Joseph Acosta
AA9143DD,Monique Murray
AA8371CC,Dawn Fischer
DD3641DD,Steven Smith
CC1540DD,Rebecca Webster
DD7163DD,Elizabeth Clark
DD9883CC,Jennifer Wolf
AA3417DD,Chelsea Reyes
EE7523DD,Scott Hammond
EE7388BB,Stephanie Dominguez
AA7956GG,Sharon Lopez
AA6145FF,David Russell
EE4638GG,Alex Russo
EE6675FF,Samantha Jordan
AA1050DD,Mark Andrade
EE9430CC,Melissa Ramos
BB2748GG,Patrick Jones
EE1688BB,Peter Smith
CC6941DD,Kirk Norman
AA3882FF,Terry West
BB9148GG,Susan Sanchez
DD9258BB,Joseph Rodriguez
BB1218BB,Heather Simpson
EE9234BB,Terri Frye
DD7187GG,Thomas Johnson
EE5712FF,Paige Estrada
EE3187FF,Victoria Curtis MD
AA9592BB,Robert Smith
AA3365GG,Alexa Byrd
EE6592DD,Paige Ramirez
CC5975GG,Eric Ross
BB9925GG,Justin Rice
AA2207DD,Patrick Bush
EE2999CC,Susan Ross
EE9997BB,Dr. Philip Wilkinson
CC4729BB,Courtney Pena
EE7535GG,Jesse Melton
EE8111GG,Tiffany Campbell
DD3582GG,Mackenzie Tran
CC2366CC,Edwin Wilson
CC9453DD,Lisa Walker
EE6150CC,Javier Hoover MD
EE6539GG,Christopher Marquez
AA3000FF,Brent Dunlap
EE9244DD,Cindy Mayer
CC3497CC,Kaitlin Moore
DD2296CC,Sandra Villanueva DDS
AA3833FF,Debbie Moreno
AA7724BB,Mr. Jeffrey Sanders
DD4532DD,Eric Galloway
DD4719FF,Kimberly Tapia
BB8271GG,Dave Reyes
DD8166FF,Tyler Thompson
CC2612BB,Nancy Wood
EE4694BB,Mark Turner
BB6394DD,Jessica Delgado
AA8538CC,Dana Clements
BB7953FF,Robert Hart
CC2325BB,Courtney Zimmerman
CC3479FF,Mary Nguyen
BB9985DD,Charles Mora
CC5340CC,Jacqueline Williams
CC2802BB,Caleb Fields
AA9289BB,Deborah Roberts
CC2795BB,James Phillips
BB4001BB,Donald Williams
BB2878CC,Megan Williams
AA5312FF,Ashley Harvey
CC1768DD,Daniel Hughes
EE2628FF,Jon Lewis
AA6518GG,Rodney Smith
AA8251FF,Sandra Lowe
DD6836BB,Monica Moreno
CC2421DD,Christina Reynolds
CC6219DD,Sarah Anderson
DD2227GG,Sarah Weiss
AA6591BB,Andrea Bell
BB8857CC,John Johnson
CC1380GG,Spencer Banks
CC9355BB,Christopher Cooper
EE2620GG,Katelyn Martin
CC3241GG,Carrie Rodriguez
DD8200DD,David Hughes
BB2807CC,Brian Williams
CC2726FF,Ronald Mason
BB6275FF,Donna Ford
BB5084DD,Kimberly Diaz
EE9320CC,Shelby Smith
AA6020BB,Nancy Gonzalez
BB1360CC,Nicole Robbins
DD8399GG,Gina Wade
BB6432GG,Deborah Sims
EE1777BB,Denise Edwards
EE1004FF,Jacob Black
DD2671BB,Jerry Phillips
DD6601GG,Anthony Porter
DD4988CC,Brooke Gray
EE9836BB,Joseph Ryan
EE3548FF,Jeff Soto
EE8481GG,Joseph Miranda
DD1187FF,Kyle Nelson
CC3069BB,John Graves
EE3532FF,Rachel Fleming
BB8697BB,Tara Nguyen
CC1948BB,Joshua Flores
BB1613GG,Bryan Jenkins DDS
BB9958GG,Victor Wilson
BB4539GG,Anthony Haley
CC1757FF,Calvin Castro
AA1115BB,Kyle Brown
BB2330FF,Brandon Ashley
EE2964BB,David Villa
DD6560FF,Jacqueline Lee
AA3797DD,Mr. Gerald Barr
DD6855BB,David Herrera
EE7176DD,Mr. Mark Johnson
EE7286FF,Jesus Gray
BB7183BB,Maria Contreras
AA3851FF,Hunter Wright Jr.
DD1723FF,Allison Snow
BB1953FF,Raymond Duncan
EE3277GG,Jennifer Kennedy
DD5521DD,Pamela Pierce
AA3372FF,Deborah Walker
DD3642DD,Sara Rodriguez
AA4729CC,Erika Lewis
EE6728DD,Christopher Miller
DD1864BB,Morgan Shaw
EE5636GG,Phillip Dominguez
AA7498BB,Dr. Chris Oconnor
DD5242CC,Evan Knox
EE2230CC,Gregory Hill
CC9041BB,Justin Hill
AA5545FF,Patrick Best
EE4270GG,Christine Proctor
BB8143BB,Gina Baker
EE3237FF,Michelle Knapp
AA8419GG,Rebecca Davis
EE3230CC,Brett Foley
EE3724FF,Wendy Benson
EE6465GG,Rebecca Parker
DD8191CC,Mary Reynolds
BB8279FF,Olivia Burns
CC5336CC,Andrea Monroe
BB2680DD,Stephanie Anderson
AA1413DD,Angela Hill
CC2735FF,Charles Schwartz
DD8479BB,Cody Davis
AA3309FF,Hector Glover
BB8788DD,Melissa Ramirez
AA4100BB,Laura Olson
DD7349CC,Howard Solis
BB3173BB,Michael Sanford
CC6000FF,Ann Cohen
AA1708CC,Amber Jones
DD2470CC,Brandon Carr
BB7548GG,Elizabeth Cochran
EE1474FF,James Contreras
AA8166GG,Patricia Maxwell
CC5857FF,Angela Hatfield
CC4269FF,Dawn Marshall
EE2805CC,Joseph Robinson
DD5396CC,Cheryl Brown
BB4745BB,Richard Bates
AA6087FF,Gina Mcgee
CC3327BB,Reginald Howell
EE4223BB,Barbara Sanders
DD5886DD,William Walker
CC5307BB,Thomas Stanley
BB8603GG,Carol Esparza
AA4908DD,Jacob Wilson
DD8377DD,Calvin Crawford
EE3201BB,Travis Jones
BB1263BB,Robert Kemp
DD3960CC,Douglas Dominguez
DD1667FF,Colin Anderson
CC7068CC,Bobby Ochoa
CC6534BB,James Schwartz
AA4226GG,Matthew Sharp
AA3743FF,Luke Stewart
CC7892FF,Angel Wood
DD6381GG,Dawn Blackwell
BB7495BB,Johnny Guerrero DDS
BB4818DD,Jennifer Thompson
DD6953FF,Terry Mathews
DD3198FF,James Mcdonald
EE5729GG,Donna Rogers
DD9659GG,Sara Johnson
AA5544DD,Madison Villanueva
BB6680BB,Ashley Brown
EE5853DD,Louis Esparza
DD2804BB,Heather Nguyen
DD2153CC,Hector Jenkins
AA6071FF,Karen Navarro
BB2061BB,Brandon Evans
AA4541BB,Lisa Donaldson
EE2541BB,David Bush
BB7413FF,Joshua Nichols
BB1036GG,Ashley Alexander
AA2774CC,Benjamin Mason
EE7538GG,Julie Smith
EE6464GG,Bruce Greene
CC3440GG,James Mcknight
EE8289GG,Nathan Hernandez
EE9947DD,Nicole King
DD8385CC,Cathy Watson
BB9530FF,Donald Rodriguez
AA7150DD,Anthony Bowman
BB2726BB,Mark Reyes
EE6225DD,Dr. Tamara Tyler
DD1578DD,Hannah Stark
DD1053BB,Susan Hernandez
DD1081FF,Angela Johnson
BB2881GG,Becky Singleton
CC1702BB,Joseph Holland
EE3457FF,Todd Mclean
EE1005CC,Kimberly Mckenzie
BB8651FF,Veronica Ward
CC6447FF,Paul Greene
BB5753GG,Melody Black
AA6554GG,Abigail Mcgee
DD8096DD,Scott Hale
BB3350CC,Miss Lisa Hinton
AA2408GG,Emily Russo
DD1498CC,Curtis Walters
EE6939BB,Adam Santiago
DD4055CC,Karen Armstrong MD
DD2800BB,Robert Thompson
BB9506FF,Mark Howard
AA6021GG,Amy May
BB5603DD,Joshua Davis
BB4969BB,Crystal Sanchez
DD9078BB,Amanda Brown
EE4586GG,Cathy Lewis
CC5669DD,Jeffery Gibson
BB1425DD,Adam Lopez II
AA6834FF,Brett Harrison
AA9363DD,Jose Shah
BB2131CC,Juan Holder
EE3588BB,Daniel Peck
CC8246BB,Taylor Suarez
CC7801GG,Cheryl Lopez
CC4955GG,David Marshall
CC4442BB,Leslie Hall
BB4785FF,Hannah Ibarra
AA4981CC,William Hoffman
EE5725FF,Jacob Brown
EE7026DD,Sharon Ritter
EE4325BB,Brenda Gill
BB9182DD,Paula Simmons
CC4337GG,Cindy Shields
BB5090GG,Adam White
BB7359CC,Jane Ingram
AA2907BB,Kevin Cohen
AA9863DD,Leslie Warren
DD6419BB,Joseph Roberts
DD7152FF,Jody Mccormick
CC8416CC,Kim Mata
BB6102BB,Susan Arroyo
BB9510DD,Stephanie Clark
DD7607FF,Chelsea Thompson
AA7934BB,Rebecca Perez
EE8933DD,Jeffrey Flores
BB1556CC,Jimmy Colon
AA2529BB,Benjamin Dillon
AA2340DD,Kimberly Cortez
AA8472DD,Joseph Watson
EE2647FF,Christopher Orr
AA5034GG,Lynn Myers
AA6460CC,Greg Rogers
AA4719GG,Ryan Hernandez
EE6002FF,Hayley Hooper
AA5276FF,Christine Willis
CC2234GG,Tamara Jones
EE7521FF,Samuel Perez
CC5503CC,Heidi Conway
EE4954CC,Rachel Mckenzie
CC2525DD,Jessica Silva
EE9610FF,Sean Walker
CC7671FF,Jessica Rodriguez
AA8102GG,William Smith
DD1206BB,Jessica Welch
BB7728BB,Elizabeth Barajas
CC9992DD,Theresa Dominguez
AA2490DD,Rachel Hernandez
EE7219GG,Bryan Smith
DD4223FF,Eugene Love
BB2100CC,Jeffrey Graves
CC7845DD,Alice Hill
DD3364CC,Joshua Gonzales
EE7763CC,Christopher Underwood
EE2230CC,David Fox
CC4715BB,Donald Melton
CC4199BB,Lynn Phillips
BB7852DD,Johnny Smith
EE8502BB,Samantha Rodriguez
BB5840GG,Kayla Berger
BB2207BB,Dennis Cook
CC1185FF,Marcus Day
DD7444FF,David Willis
CC1428DD,Robert Smith
BB8514BB,Mrs. Mary West
BB6741BB,Jennifer Warren
BB5684FF,April Thomas
EE5906GG,George Mays
BB1483DD,Nancy Alvarez DVM
CC2847FF,Richard Wood
EE5974FF,Jonathan Williams
EE8290FF,Timothy Brown
DD7349CC,Amanda Fowler
EE8603BB,Nicholas Mitchell
CC7620DD,Kristina Mays
AA7072DD,Ashley Harris
EE6945CC,Christopher Glover
BB4997DD,Daniel Holland
CC6828DD,Jill Smith
EE4912BB,Andrea Downs
EE4958BB,Jeffrey Tran
DD3115DD,Kimberly Smith
CC5726BB,Zachary Johnson
BB5102BB,Matthew Hodge
CC5308DD,Phillip Sanders
AA3019GG,Dr. Wesley Cameron
BB7987BB,Daniel Weaver
EE9793FF,Mark Stephens
DD2368FF,Jocelyn Wilson
EE9301GG,Amber Bradley
CC2614GG,Cristina Sosa
DD8339CC,Mr. Michael Simpson MD
BB3419BB,Juan Davenport
DD1994FF,Phillip Hampton
BB8416GG,James Meyers
CC3210CC,Jonathan Baker
EE8271FF,Brandon Mccarthy DDS
CC1783GG,Stephanie Morrow
AA5186DD,Catherine Miller
CC8362CC,Sheri Palmer
CC8998GG,Robert Martinez
EE8865GG,Lisa Jackson
CC4703CC,Miguel Donovan
BB5213BB,Olivia Boone
EE7352DD,William Pham
DD1991FF,Sarah Davis
AA7021FF,Karen Johnson
CC4815FF,Kayla Franco
BB1685FF,Heather Buck
EE9811BB,Rodney Moore
DD9590CC,Michael Jackson
CC9255GG,Xavier Stuart
DD9387BB,Darrell Diaz
AA9580DD,Janice Sanchez
CC8689CC,Aaron Clay
BB2514GG,Andrea Warren
BB9903GG,Casey Paul
CC1302BB,Angela Cook
EE7383GG,Eric Lin
EE7729CC,James Rodriguez
BB8509FF,Sarah Ellis
CC2060GG,Leroy Cortez
DD8286GG,Mark Williams
CC9449GG,Jeffrey Wallace
CC3569FF,Julie Arnold
EE1159FF,Susan Suarez
DD3881FF,Kurt Johnston
EE5293BB,Hannah Porter
DD4147DD,Carl Lyons
AA8349GG,Keith Evans
DD2062CC,James Watson
AA4563GG,David Stewart
CC6123BB,Christopher Barker
CC6398BB,Marco Wade
BB7784BB,Felicia Diaz
BB8682DD,Melissa Perez
AA4061DD,Kayla Yang
CC5984FF,Kelly Bell
EE2548DD,Phyllis Vaughn
EE4354DD,Carrie Vang
DD3449BB,Dominique Drake
DD3447DD,Tanya Meza
AA4298GG,Emily Oconnor
DD7639DD,Timothy Sanchez
AA6512CC,Nicole Jenkins
BB2032GG,Ashley Mcmillan
DD4209FF,Emily Blackburn
EE5395DD,Tammy Gray
EE3806CC,Collin Mercado
DD2757DD,Kevin Turner
CC3114DD,Justin Olson
DD8790BB,Daniel Anderson
BB1596CC,Carol Lynch
EE9065BB,Katherine Pearson
BB5710CC,Elizabeth Johnson
BB8789FF,Carlos Thomas
